nom;prenom;mail
Pierson;Louis;lpierson002@enseirb-matmeca.fr
Vernant;Charlène;cvernant@enseirb-matmeca.fr
Durand;Arthur;adurand@enseirb-matmeca.fr
Bastien;Hugo;hbastien@enseirb-matmeca.fr
Vacher;Léo;lvachet@enseirb-matmeca.fr
Bonnet;Lilian;lbonnet005@enseirb-matmeca.fr